,precision,recall,f1-score,support
HEALTHY,0.9658469945355191,0.9515477792732167,0.9586440677966102,743.0
LSD,0.9667553191489362,0.9719251336898396,0.9693333333333334,748.0
RINGWORM,0.9387096774193548,0.9572368421052632,0.9478827361563518,304.0
FMD,0.9583333333333334,0.9752650176678446,0.9667250437828371,283.0
IBK,0.9869281045751634,0.9805194805194806,0.9837133550488599,154.0
PEDICULOSIS,0.42857142857142855,0.4,0.41379310344827586,15.0
DERMATOPHILOSIS,0.4166666666666667,0.35714285714285715,0.38461538461538464,14.0
accuracy,0.9566563467492261,0.9566563467492261,0.9566563467492261,0.9566563467492261
macro avg,0.8088302177500575,0.7990910157712144,0.8035295748830933,2261.0
weighted avg,0.956029280760103,0.9566563467492261,0.956283407121695,2261.0
